[
  {
    "model": "products.product",
    "pk": "1.1.1",
    "fields": {
      "model_name": "Celeste",
      "model_group": "1.1",
      "img": "products_images/BERKEMANN_Celeste.jpg",
      "price": "18990.00",
      "description": "Женские ортопедические кроссовки BERKEMANN Celeste",
      "full_description": "Женские сникеры Celeste из натурального нубука в спортивном стиле — это стильная и комфортная обувь, идеально подходящая для повседневной носки.\r\n\r\nМягкий плюшевый воротник «тедди» и теплая подкладка из натуральной шерсти создают ощущение уюта и тепла.\r\n\r\nСъемная мягкая анатомическая 5-фазная стелька поддерживает физиологически правильное положение продольного и поперечного сводов стопы, обеспечивает необходимую амортизацию пятки и снимает напряжение с суставов.\r\n\r\nЛегкая подошва анатомической формы из полиуретана с амортизатором гасит ударную нагрузку на пятку, поддерживает естественное движение стопы и обеспечивает устойчивость при ходьбе.\r\n\r\nМикропористая структура материала подошвы с рельефным профилем обеспечивает нескользящий эффект, а углубленный профиль в области носка снижает риск споткнуться, например, при подъеме по лестнице.\r\n\r\n\r\nПоказания\r\n\r\nОбувь предназначена для поддержки, выравнивания, компенсации или коррекции деформаций стоп с целью улучшения их функции и/или осанки, а также для повышенного удобства использования за счет снижения давления на стопу, амортизации пяточного отдела, повышения равновесия и устойчивости при ходьбе.\r\n\r\nМожно использовать для профилактики плоскостопия, деформации, бурсита большого пальца (hallux valgus), артрите, артрозе, отеке, косолапости, слоновости, заболевании или дефекте стопы.\r\n\r\nОграничения и противопоказания к применению\r\n\r\nСиндром диабетической стопы I и III степеней, фиксированные формы плоскостопия – ригидная (жёсткая, не подлежащая пассивной коррекции), плоская стопа, стойкие деформации стопы, включая ригидную плоско-вальгусную стопу.\r\n\r\nПреимущества\r\n\r\nТеплая подкладка из натуральной шерсти;\r\nНескользящая подошва;\r\nСъемные стельки имеют вспененный каркас с учётом анатомии стопы и 5-фазную стельку Berkemann Original, которая мягко амортизирует стопы и эффективно поглощает ударную нагрузку, возникающую при ходьбе. Форма съемной стельки поддерживает поперечный и продольный своды стопы и способствует естественному движению стопы;\r\nСъемные стельки Berkemann обеспечивают комфорт и отсутствие усталости при ходьбе и стоянии, даже при длительном ношении;\r\nСъемная стелька при необходимости легко меняется на индивидуальные ортопедические стельки без потери объема.\r\nХарактеристики\r\n\r\nПолнота H;\r\nВысота каблука 42 мм.;\r\nПодъем 18 мм..\r\nСостав\r\n\r\nМатериал верха – натуральный нубук\r\nМатериал подкладки - шерсть\r\nМатериал подошвы – полиуретан\r\n\r\nРекомендации по уходу\r\n\r\nЧистить обувь не менее раза в неделю;\r\nГрязную обувь сначала следует очистить специальной щеткой, влажной тряпкой или губкой, не давая грязи впитаться;\r\nДля чистки обуви используйте средства в соответствии с материалом обуви;\r\nОбувь сушить при комнатной температуре, предварительно набив ее бумагой, или используя специальные распорки;\r\nСъемные стельки Berkemann можно стирать в стиральной машине или вручную при температуре 30 градусов, для машинной стирки рекомендуется использовать моющую сетку.\r\nНе сушите обувь около огня, на батарее, на солнце, при помощи нагревательных приборов. Не оставляйте на хранение обувь в грязном мокром состоянии, т.к. это может стать причиной изменения цвета, а также привести к деформации. Избегайте воздействия на материал верха обуви щелочей, кислот и других активных растворителей.",
      "color": "Бордовый",
      "sizes": "1.1.1_37",
      "category": "Shoe",
      "product_type": "Sneakers",
      "gender": "Female",
      "season": "Winter",
      "age": "Adult"
    }
  },
  {
    "model": "products.product",
    "pk": "1.1.2",
    "fields": {
      "model_name": "Celeste",
      "model_group": "1.1",
      "img": "products_images/BERKEMANN_Celeste2.jpg",
      "price": "19990.00",
      "description": "Женские ортопедические кроссовки BERKEMANN Celeste",
      "full_description": "Женские сникеры Celeste из натурального нубука в спортивном стиле — это стильная и комфортная обувь, идеально подходящая для повседневной носки.\r\n\r\nМягкий плюшевый воротник «тедди» и теплая подкладка из натуральной шерсти создают ощущение уюта и тепла.\r\n\r\nСъемная мягкая анатомическая 5-фазная стелька поддерживает физиологически правильное положение продольного и поперечного сводов стопы, обеспечивает необходимую амортизацию пятки и снимает напряжение с суставов.\r\n\r\nЛегкая подошва анатомической формы из полиуретана с амортизатором гасит ударную нагрузку на пятку, поддерживает естественное движение стопы и обеспечивает устойчивость при ходьбе.\r\n\r\nМикропористая структура материала подошвы с рельефным профилем обеспечивает нескользящий эффект, а углубленный профиль в области носка снижает риск споткнуться, например, при подъеме по лестнице.\r\n\r\n\r\nПоказания\r\n\r\nОбувь предназначена для поддержки, выравнивания, компенсации или коррекции деформаций стоп с целью улучшения их функции и/или осанки, а также для повышенного удобства использования за счет снижения давления на стопу, амортизации пяточного отдела, повышения равновесия и устойчивости при ходьбе.\r\n\r\nМожно использовать для профилактики плоскостопия, деформации, бурсита большого пальца (hallux valgus), артрите, артрозе, отеке, косолапости, слоновости, заболевании или дефекте стопы.\r\n\r\nОграничения и противопоказания к применению\r\n\r\nСиндром диабетической стопы I и III степеней, фиксированные формы плоскостопия – ригидная (жёсткая, не подлежащая пассивной коррекции), плоская стопа, стойкие деформации стопы, включая ригидную плоско-вальгусную стопу.\r\n\r\nПреимущества\r\n\r\nТеплая подкладка из натуральной шерсти;\r\nНескользящая подошва;\r\nСъемные стельки имеют вспененный каркас с учётом анатомии стопы и 5-фазную стельку Berkemann Original, которая мягко амортизирует стопы и эффективно поглощает ударную нагрузку, возникающую при ходьбе. Форма съемной стельки поддерживает поперечный и продольный своды стопы и способствует естественному движению стопы;\r\nСъемные стельки Berkemann обеспечивают комфорт и отсутствие усталости при ходьбе и стоянии, даже при длительном ношении;\r\nСъемная стелька при необходимости легко меняется на индивидуальные ортопедические стельки без потери объема.\r\nХарактеристики\r\n\r\nПолнота H;\r\nВысота каблука 42 мм.;\r\nПодъем 18 мм..\r\nСостав\r\n\r\nМатериал верха – натуральный нубук\r\nМатериал подкладки - шерсть\r\nМатериал подошвы – полиуретан\r\n\r\nРекомендации по уходу\r\n\r\nЧистить обувь не менее раза в неделю;\r\nГрязную обувь сначала следует очистить специальной щеткой, влажной тряпкой или губкой, не давая грязи впитаться;\r\nДля чистки обуви используйте средства в соответствии с материалом обуви;\r\nОбувь сушить при комнатной температуре, предварительно набив ее бумагой, или используя специальные распорки;\r\nСъемные стельки Berkemann можно стирать в стиральной машине или вручную при температуре 30 градусов, для машинной стирки рекомендуется использовать моющую сетку.\r\nНе сушите обувь около огня, на батарее, на солнце, при помощи нагревательных приборов. Не оставляйте на хранение обувь в грязном мокром состоянии, т.к. это может стать причиной изменения цвета, а также привести к деформации. Избегайте воздействия на материал верха обуви щелочей, кислот и других активных растворителей.",
      "color": "Коричневый",
      "sizes": "1.1.2_37",
      "category": "Shoe",
      "product_type": "Sneakers",
      "gender": "Female",
      "season": "Winter",
      "age": "Adult"
    }
  },
  {
    "model": "products.product",
    "pk": "1.2.1",
    "fields": {
      "model_name": "Haslo",
      "model_group": "1.2",
      "img": "products_images/WALDLAUFER_Haslo.jpeg",
      "price": "12593.00",
      "description": "Мужские ортопедические кроссовки WALDLAUFER Haslo",
      "full_description": "Мужские ортопедические кроссовки Waldlaufer Haslo-323301 из натурального нубука станут отличным дополнением повседневного образа как для офиса, так и для прогулок на природе. Съемная ортопедическая стелька поддерживает продольный и поперечный своды стопы, а также позволяет заменить ее на индивидуальную и с легкостью за ней ухаживать. Удлиненный задник удерживает стопу в правильном положении при стоянии и ходьбе. Воздушные подушки в области пятки и в передней зоне амортизируют ударную нагрузку при ходьбе. Модель с увеличенной H-полнотой и расстоянием от стельки до верха в зоне мыса создает эффект \"босых ног\". Стелька из натуральной кожи отлично впитывает влагу. Легкая и гибкая подошва обеспечивает надежное сцепление с поверхностью.\r\n\r\n\r\nПреимущества:\r\n\r\nНатуральные мягкие материалы;\r\nСъемная ортопедическая стелька для поддержки стопы на каждом этапе шага и правильного перераспределения нагрузки;\r\nУвеличенная H-полнота и расстояние от стельки до верха в зоне мыса;\r\nЛегкая и гибкая амортизирующая подошва со специальной «воздушной подушкой»;\r\nУдлиненный задник.\r\nСостав:\r\n\r\nВерх: натуральный нубук\r\n\r\nПодклад: натуральная кожа\r\n\r\nПодошва: ТЭП\r\n\r\nСертификат соответствия\r\n.pdf\r\nРегистрационное удостоверение\r\n.pdf",
      "color": "Светло-Коричневый",
      "sizes": "1.2.1_45",
      "category": "Shoe",
      "product_type": "Sneakers",
      "gender": "Male",
      "season": "Demi",
      "age": "Adult"
    }
  },
  {
    "model": "products.product",
    "pk": "1.3.1",
    "fields": {
      "model_name": "Ginger",
      "model_group": "1.3",
      "img": "products_images/GÖEKKEN_Ginger2.jpg",
      "price": "18990.00",
      "description": "Женские ортопедические полуботинки GÖEKKEN Ginger",
      "full_description": "Женские кроссовки из натуральной замши Ginger, немецкого бренда Göekken, представлены в практичных для осени цветах и подойдут для повседневного использовании.\r\n\r\nМодель дополнена функциональной молнией вдоль линии шнуровки для регулирования полноты стопы и легкости надевания/снятия обуви с помощью двойного раскрытия.\r\n\r\nСъемная анатомическая стелька с поддержкой продольного свода, покрытая микрофиброй, гарантирует комфорт и правильное положение стопы в течение дня.\r\n\r\n\r\nПоказания\r\n\r\nВ комплексной терапии для профилактики при маловыраженных и умеренных деформациях стопы: продольном плоскостопии, поперечном плоскостопии, комбинированном плоскостопии, вальгусной и плосковальгусной деформаци стопы, высокий свод и полая стопа, отеках различной этиологии, плантарном фасциите (пяточная шпора).\r\n\r\nПреимущества\r\n\r\nФункциональная молния вдоль линии шнуровки для регулирования полноты стопы и легкости надевания / снятия обуви с помощью двойного раскрытия;\r\nСъемная анатомическая стелька с выкладкой продольного свода, покрытие – микрофибра.\r\nХарактеристики\r\n\r\nПолнота H;\r\nВысота каблука 40 мм.\r\nСостав\r\n\r\nМатериал верха – натуральная кожа/замша\r\nМатериал подкладки – микрофибра\r\nМатериал подошвы – термопластичный каучук\r\n\r\nРекомендации по уходу\r\n\r\nЧистить обувь не менее раза в неделю;\r\nДля чистки обуви используйте средства в соответствии с материалом обуви;\r\nГрязную обувь сначала следует очистить специальной щеткой, влажной тряпкой или губкой, не давая грязи впитаться в кожу. Лишь потом можно ухаживать за кожей;\r\nОбувь сушить при комнатной температуре, предварительно набив ее бумагой, или используя специальные распорки.\r\nНе сушите обувь около огня, на батарее, на солнце, при помощи нагревательных приборов. Не оставляйте на хранение обувь в грязном мокром состоянии, т.к. это может стать причиной изменения цвета, а также привести к деформации. Избегайте воздействия на материал верха обуви щелочей, кислот и других активных растворителей.\r\n\r\nСтрана производитель Германия\r\n\r\nПодробнее о бренде\r\n\r\nГарантийный срок – 30 дней со дня покупки.\r\n\r\n\r\nСертификат соответствия\r\n.pdf\r\nРегистрационное удостоверение\r\n.pdf",
      "color": "Черный Микс",
      "sizes": "1.3.1_36",
      "category": "Shoe",
      "product_type": "Short_boots",
      "gender": "Female",
      "season": "Demi",
      "age": "Adult"
    }
  },
  {
    "model": "products.product",
    "pk": "1.3.2",
    "fields": {
      "model_name": "Ginger",
      "model_group": "1.3",
      "img": "products_images/GÖEKKEN_Ginger.jpg",
      "price": "13293.00",
      "description": "Женские ортопедические полуботинки GÖEKKEN Ginger",
      "full_description": "Женские кроссовки из натуральной замши Ginger, немецкого бренда Göekken, представлены в практичных для осени цветах и подойдут для повседневного использовании.\r\n\r\nМодель дополнена функциональной молнией вдоль линии шнуровки для регулирования полноты стопы и легкости надевания/снятия обуви с помощью двойного раскрытия.\r\n\r\nСъемная анатомическая стелька с поддержкой продольного свода, покрытая микрофиброй, гарантирует комфорт и правильное положение стопы в течение дня.\r\n\r\n\r\nПоказания\r\n\r\nВ комплексной терапии для профилактики при маловыраженных и умеренных деформациях стопы: продольном плоскостопии, поперечном плоскостопии, комбинированном плоскостопии, вальгусной и плосковальгусной деформаци стопы, высокий свод и полая стопа, отеках различной этиологии, плантарном фасциите (пяточная шпора).\r\n\r\nПреимущества\r\n\r\nФункциональной молнией вдоль линии шнуровки для регулирования полноты стопы и легкости надевания / снятия обуви с помощью двойного раскрытия;\r\nСъемная анатомическая стелька с выкладкой продольного свода, покрытие – микрофибра.\r\nХарактеристики\r\n\r\nПолнота H;\r\nВысота каблука 40 мм.\r\nСостав\r\n\r\nМатериал верха – натуральная кожа/замша\r\nМатериал подкладки – микрофибра\r\nМатериал подошвы – термопластичный каучук\r\n\r\nРекомендации по уходу\r\n\r\nЧистить обувь не менее раза в неделю;\r\nДля чистки обуви используйте средства в соответствии с материалом обуви;\r\nГрязную обувь сначала следует очистить специальной щеткой, влажной тряпкой или губкой, не давая грязи впитаться в кожу. Лишь потом можно ухаживать за кожей;\r\nОбувь сушить при комнатной температуре, предварительно набив ее бумагой, или используя специальные распорки.\r\nНе сушите обувь около огня, на батарее, на солнце, при помощи нагревательных приборов. Не оставляйте на хранение обувь в грязном мокром состоянии, т.к. это может стать причиной изменения цвета, а также привести к деформации. Избегайте воздействия на материал верха обуви щелочей, кислот и других активных растворителей.\r\n\r\nСтрана производитель Германия\r\n\r\nПодробнее о бренде\r\n\r\nГарантийный срок – 30 дней со дня покупки.",
      "color": "Коричневый микс",
      "sizes": "1.3.2_37",
      "category": "Shoe",
      "product_type": "Short_boots",
      "gender": "Female",
      "season": "Demi",
      "age": "Adult"
    }
  },
  {
    "model": "products.product",
    "pk": "1.4.1",
    "fields": {
      "model_name": "Hiroko",
      "model_group": "1.4",
      "img": "products_images/Hiroko_XZRF9Sm.jpg",
      "price": "12593.00",
      "description": "Женские ортопедические кроссовки WALDLAUFER Hiroko",
      "full_description": "Яркие женские ортопедические кроссовки красного цвета Waldlaufer Hiroko-H64007 из натуральной кожи и текстиля с функциональной молнией с внешней стороны. Съемная ортопедическая стелька поддерживает продольный и поперечный своды стопы в правильном анатомическом положении, а также позволяет заменить ее на индивидуальную и с легкостью за ней ухаживать. Гибкий и эластичный верх мягко облегает стопу, не сдавливает и не создает неудобств, хорошо садится при любой форме стопы. Удлиненный задник удерживает стопу в правильном положении при стоянии и ходьбе. Воздушные подушки в области пятки и в передней зоне амортизируют ударную нагрузку при ходьбе. Модель эргономичных кроссовок для женщин с увеличенной H-полнотой и расстоянием от стельки до верха в зоне мыса создает эффект \"босых ног\". Легкая и гибкая подошва обеспечивает надежное сцепление с поверхностью. Регулировать посадку по ноге легко и просто благодаря текстильной шнуровке.\r\n\r\n\r\nПреимущества\r\n\r\nНатуральные мягкие материалы;\r\nСъемная ортопедическая стелька для поддержки стопы на каждом этапе шага и правильного перераспределения нагрузки;\r\nУвеличенная H-полнота и расстояние от стельки до верха в зоне мыса;\r\nЛегкая и гибкая амортизирующая подошва со специальной «воздушной подушкой»;\r\nУдлиненный задник;\r\nГибкий и эластичный верх.\r\nСостав\r\n\r\nВерх: натуральная кожа + текстиль\r\nПодклад: текстиль\r\nПодошва: полиуретан\r\n\r\nГарантийный срок - 30 дней со дня продажи",
      "color": "Красный",
      "sizes": "1.4.1_38",
      "category": "Shoe",
      "product_type": "Sneakers",
      "gender": "Female",
      "season": "Spring",
      "age": "Adult"
    }
  },
  {
    "model": "products.product",
    "pk": "1.4.2",
    "fields": {
      "model_name": "Hiroko",
      "model_group": "1.4",
      "img": "products_images/Hiroko3_GexJjaA.jpg",
      "price": "12593.00",
      "description": "Женские ортопедические кроссовки WALDLAUFER Hiroko",
      "full_description": "Женские ортопедические кроссовки из натурального нубука WALDLAUFER Hiroko-H64007 позволят вам оставаться в активном движении в любое время и на любом маршруте! Нескользящая, гибкая, амортизирующая подошва подарит ощущение бесконечной мягкости и комфорта при ходьбе. Мягкие материала верха, регулируемые шнурки и молния обеспечат удобную посадку и надежную фиксацию модели даже на проблемной стопе. А ортопедическая колодка станет прекрасным средством лечения и профилактики ортопедических заболеваний.\r\n\r\n\r\nПоказания\r\n\r\nСнимают болевые ощущения при вальгусной деформации первого пальца стопы;\r\nСнижают нагрузку в проблемных зонах ног;\r\nСнимают болевые ощущения при ходьбе;\r\nПрофилактика болезней ног (плоскостопие, плоско-вальгусные стопы, пяточные шпоры, натоптыши и болезненные «косточки»).\r\nПреимущества\r\n\r\nНатуральные мягкие материалы;\r\nСъемная ортопедическая стелька для поддержки стопы на каждом этапе шага и правильного перераспределения нагрузки;\r\nУвеличенная H-полнота;\r\nЭластичная нескользящая и амортизирующая подошва;\r\nЖесткий, удлиненный, удерживающий пятку задник.\r\nХарактеристики\r\n\r\nИдет размер в размер с увеличенной регулируемой полнотой\r\n\r\nСостав\r\n\r\nМатериал верха: натуральный нубук/текстиль\r\nМатериал подкладки: текстиль\r\nМатериал подошвы: полиуретан\r\nМатериал стельки: текстиль\r\n\r\nУход\r\n\r\nПеред первой ноской новую пару обуви рекомендовано обработать водо- или грязеотталкивающим средством, в соответствии с инструкцией.\r\nЧистить обувь нужно минимум раз в неделю. Сначала следует очистить обувь специальной щеткой, влажной тряпкой или губкой для обуви, не позволяя грязи впитаться.\r\nСушить обувь необходимо при комнатной температуре. Запрещено сушить мокрую обувь около огня, на батарее, солнце, при помощи нагревательных элементов.\r\nПосле очистки и сушки обуви можно использовать средства по уходу за обувью.\r\nГарантийный срок - 30 дней со дня продажи\r\n\r\nИнформация о бренде\r\n\r\nСтрана производства: Германия\r\n\r\nКаждая модель в коллекции WALDLAUFER создана с учетом образа жизни и пожеланий клиентов. Соединив качественную тонкую кожу с современной легкой подошвой, дизайнеры фабрики Lugina нашли собственную уникальную технологию производства, которая сочетает повышенный комфорт наряду с модным и неординарным стилем.\r\n\r\nМодельный ряд каждой коллекции представлен в различной полноте (широте) колодок - от H до очень широкой M. Обувь Waldlaufer подойдет на широкие и проблемные ноги.\r\n\r\nВес каждой пары обуви снижен за счет уникальной воздушной подушки, которая скрыта в подошве. Инженерам удалось добиться повышенного комфорта обуви благодаря анатомическому подъему пятки на 20-35 мм, устойчивой колодке с применением съемной стельки, повторяющей изгибы стопы, и которую при желании можно заменить на ортопедическую. Внимательная работа с кожей помогает сберечь все её свойства и позволяет ноге дышать.",
      "color": "Голубой",
      "sizes": "1.4.2_38",
      "category": "Shoe",
      "product_type": "Sneakers",
      "gender": "Female",
      "season": "Spring",
      "age": "Adult"
    }
  },
  {
    "model": "products.product",
    "pk": "1.4.3",
    "fields": {
      "model_name": "Hiroko",
      "model_group": "1.4",
      "img": "products_images/Hiroko2_rHTMHCv.jpg",
      "price": "12593.00",
      "description": "Женские ортопедические кроссовки WALDLAUFER Hiroko",
      "full_description": "Женские ортопедические кроссовки зеленого цвета Waldlaufer Hiroko-H64007 из натуральной замши и текстиля с функциональной молнией с внешней стороны. Съемная ортопедическая стелька поддерживает продольный и поперечный своды стопы, а также позволяет заменить ее на индивидуальную и с легкостью за ней ухаживать. Гибкий и эластичный верх мягко облегает стопу, не сдавливает и не создает неудобств, хорошо садится при любой форме стопы. Удлиненный задник удерживает стопу в правильном положении при стоянии и ходьбе. Воздушные подушки в области пятки и в передней зоне амортизируют ударную нагрузку при ходьбе. Модель всесезонных ортопедических кроссовок для женщин с увеличенной H-полнотой и расстоянием от стельки до верха в зоне мыса создает эффект \"босых ног\". Легкая и гибкая подошва обеспечивает надежное сцепление с поверхностью. Регулировать посадку по ноге легко и просто благодаря текстильной шнуровке.\r\n\r\n\r\nПреимущества\r\n\r\nНатуральные мягкие материалы;\r\nСъемная ортопедическая стелька для поддержки стопы на каждом этапе шага и правильного перераспределения нагрузки;\r\nУвеличенная H-полнота и расстояние от стельки до верха в зоне мыса;\r\nЛегкая и гибкая амортизирующая подошва со специальной «воздушной подушкой»;\r\nУдлиненный задник;\r\nГибкий и эластичный вер.\r\nСостав\r\n\r\nВерх: натуральная замша + текстиль\r\nПодклад: текстиль\r\nПодошва: полиуретан\r\n\r\nГарантийный срок - 30 дней со дня продажи",
      "color": "Оливковый",
      "sizes": "1.4.3_36",
      "category": "Shoe",
      "product_type": "Sneakers",
      "gender": "Female",
      "season": "Spring",
      "age": "Adult"
    }
  },
  {
    "model": "products.product",
    "pk": "1.5.1",
    "fields": {
      "model_name": "Ferdi",
      "model_group": "1.5",
      "img": "products_images/43urdfq577gdqw5tvete7rifewa4kx9u.jpg",
      "price": "4893.00",
      "description": "Детские ортопедические кроссовки ORTMANN Ferdi",
      "full_description": "Детские демисезонные ортопедические кроссовки для мальчиков ORTMANN Ferdi на утепленной подкладке для прогулок.\r\n\r\nЛегкие анатомические кроссовки на массивной подошве изготовлены из водонепроницаемого материала. Детям понравится удобная система фиксации на резиновой шнуровке и застежках-липучках «Велкро». Съемная ортопедическая стелька снимет ударную нагрузку на суставы ног, а антивандальный мыс и задник защитит обувь.\r\n\r\nПриятных осенних прогулок!\r\n\r\nТемпературный режим от +8 до +15-18.\r\n\r\n\r\nПреимущества:\r\n\r\nРазгружает продольный свод стопы;\r\nПоддерживает передний отдел стопы и удерживает пальцы в правильном положении при ходьбе;\r\nЖесткий задник фиксирует ногу в анатомически правильном положении;\r\nОбеспечивает правильное формирование стоп ребенка;\r\nПредупреждает нарушения развития опорно-двигательной системы;\r\nНазначения:\r\n\r\nВальгусная деформация стопы;\r\nПлоскостопие и его профилактика;\r\nПрофилактика патологий стоп;\r\nПредупреждение нарушений развития опорно-двигательной системы.\r\nСостав:\r\n\r\nВерх: текстиль/полиуретан\r\nПодкладка: текстиль\r\nПодошва: ЭВА+ТПР\r\nГарантийный срок - 30 дней со дня продажи\r\n\r\n\r\nПри разработке детской ортопедической обуви ORTMANN KIDS конструкторы компании Rehard Technologies GmbH уделили особое внимание профилю и форме колодке. В расчет были приняты как физиологические параметры здоровой стопы, так и особенности биомеханики и строения стопы проблемной.\r\n\r\nНе по-детски основательно: осенне-зимняя коллекция адресована пусть еще и совсем юным, но уже очень требовательным модникам. Стильные и практичные ботинки, модные школьные туфли, яркие кроссовки прекрасно подойдут для детского сада и школы, для прогулок в парке и игр на детской площадке.",
      "color": "Зеленый/Хаки",
      "sizes": "1.5.1_28",
      "category": "Shoe",
      "product_type": "Boots",
      "gender": "Male",
      "season": "Fall",
      "age": "Child"
    }
  },
  {
    "model": "products.product",
    "pk": "1.5.2",
    "fields": {
      "model_name": "Ferdi",
      "model_group": "1.5",
      "img": "products_images/qhaeitv7bmm906jn52ubygy5izoea38v.jpg",
      "price": "4893.00",
      "description": "Детские ортопедические кроссовки ORTMANN Ferdi",
      "full_description": "Детские ортопедические кроссовки для мальчиков ORTMANN Ferdi на утепленной подкладке для осенних прогулок.\r\n\r\nЛегкие анатомические кроссовки на массивной подошве изготовлены из водонепроницаемого материала. Ребенку понравится удобная система фиксации на резиновой шнуровке и застежках-липучках «Велкро». Съемная ортопедическая стелька снимет ударную нагрузку на суставы ног, а антивандальный мыс и задник защитит обувь.\r\nПриятных осенних прогулок!\r\n\r\nТемпературный режим от +20 до +10.\r\n\r\n\r\nПреимущества:\r\n\r\nРазгружает продольный свод стопы;\r\nПоддерживает передний отдел стопы и удерживает пальцы в правильном положении при ходьбе;\r\nЖесткий задник фиксирует ногу в анатомически правильном положении;\r\nОбеспечивает правильное формирование стоп ребенка;\r\nПредупреждает нарушения развития опорно-двигательной системы;\r\nНазначения:\r\n\r\nВальгусная деформация стопы;\r\nПлоскостопие и его профилактика;\r\nПрофилактика патологий стоп;\r\nПредупреждение нарушений развития опорно-двигательной системы.\r\nСостав:\r\n\r\nВерх: текстиль/полиуретан\r\nПодкладка: текстиль\r\nПодошва: ЭВА+ТПР\r\nГарантийный срок - 30 дней со дня продажи\r\n\r\n\r\nПри разработке детской ортопедической обуви ORTMANN KIDS конструкторы компании Rehard Technologies GmbH уделили особое внимание профилю и форме колодке. В расчет были приняты как физиологические параметры здоровой стопы, так и особенности биомеханики и строения стопы проблемной.\r\n\r\nНе по-детски основательно: осенне-зимняя коллекция адресована пусть еще и совсем юным, но уже очень требовательным модникам. Стильные и практичные ботинки, модные школьные туфли, яркие кроссовки прекрасно подойдут для детского сада и школы, для прогулок в парке и игр на детской площадке.",
      "color": "Синий",
      "sizes": "1.5.2_27",
      "category": "Shoe",
      "product_type": "Boots",
      "gender": "Male",
      "season": "Fall",
      "age": "Child"
    }
  },
  {
    "model": "products.product",
    "pk": "2.1.1",
    "fields": {
      "model_name": "WOOLHOUSE",
      "model_group": "2.1",
      "img": "products_images/e0l1lub9r0d0nzgfa346zyw3a4vmr6j8.jpg",
      "price": "2275.00",
      "description": "Гетры WOOLHOUSE T.10.47.М.ГтС 2XL 43-44 (обхват икры 38-46)",
      "full_description": "Натуральная основа, комфорт и гибкость. Меховые стрейч-гетры WoolHouse — незаменимый атрибут для людей, связанных с постоянным движением.\r\n\r\nАнатомический дизайн — открытая пятка и пальцы — идеально подойдет для спортсменов, танцоров и гимнастов. Гетры обеспечат прогрев и нужную подвижность голеностопа на протяжении всей тренировки. Эластан в составе обеспечивает плотное прилегание к ноге. Материал — трикотажное полотно с чистошерстяным ворсом.",
      "color": "Бежевый",
      "sizes": "2.1.1_36",
      "category": "Clothes",
      "product_type": "Gaiters",
      "gender": "Female",
      "season": "Demi",
      "age": "Adult"
    }
  },
  {
    "model": "products.productage",
    "pk": "Adult",
    "fields": {
      "userfrendly_name": "Взрослые"
    }
  },
  {
    "model": "products.productage",
    "pk": "Child",
    "fields": {
      "userfrendly_name": "Детские"
    }
  },
  {
    "model": "products.productseason",
    "pk": "Demi",
    "fields": {
      "userfrendly_name": "Демисезон"
    }
  },
  {
    "model": "products.productseason",
    "pk": "Fall",
    "fields": {
      "userfrendly_name": "Осень"
    }
  },
  {
    "model": "products.productseason",
    "pk": "Spring",
    "fields": {
      "userfrendly_name": "Весна"
    }
  },
  {
    "model": "products.productseason",
    "pk": "Summer",
    "fields": {
      "userfrendly_name": "Лето"
    }
  },
  {
    "model": "products.productseason",
    "pk": "Winter",
    "fields": {
      "userfrendly_name": "Зима"
    }
  },
  {
    "model": "products.productgender",
    "pk": "Female",
    "fields": {
      "userfrendly_name": "Женская"
    }
  },
  {
    "model": "products.productgender",
    "pk": "Male",
    "fields": {
      "userfrendly_name": "Мужская"
    }
  },
  {
    "model": "products.productcategory",
    "pk": "Clothes",
    "fields": {
      "userfrendly_name": "Одежда"
    }
  },
  {
    "model": "products.productcategory",
    "pk": "Shoe",
    "fields": {
      "userfrendly_name": "Обувь"
    }
  },
  {
    "model": "products.producttype",
    "pk": "Boots",
    "fields": {
      "userfrendly_name": "Ботинки"
    }
  },
  {
    "model": "products.producttype",
    "pk": "Gaiters",
    "fields": {
      "userfrendly_name": "Гетры"
    }
  },
  {
    "model": "products.producttype",
    "pk": "Longboots",
    "fields": {
      "userfrendly_name": "Сапоги"
    }
  },
  {
    "model": "products.producttype",
    "pk": "Pullover",
    "fields": {
      "userfrendly_name": "Свитера"
    }
  },
  {
    "model": "products.producttype",
    "pk": "Short_boots",
    "fields": {
      "userfrendly_name": "Полуботинки"
    }
  },
  {
    "model": "products.producttype",
    "pk": "Sneakers",
    "fields": {
      "userfrendly_name": "Кросовки"
    }
  },
  {
    "model": "products.size",
    "pk": "1.1.1_37",
    "fields": {
      "size_name": "37",
      "qty": 500,
      "to_article": "1.1.1"
    }
  },
  {
    "model": "products.size",
    "pk": "1.1.1_43",
    "fields": {
      "size_name": "43",
      "qty": 23,
      "to_article": "1.1.1"
    }
  },
  {
    "model": "products.size",
    "pk": "1.1.2_37",
    "fields": {
      "size_name": "37",
      "qty": 500,
      "to_article": "1.1.2"
    }
  },
  {
    "model": "products.size",
    "pk": "1.1.2_45",
    "fields": {
      "size_name": "45",
      "qty": 32,
      "to_article": "1.1.2"
    }
  },
  {
    "model": "products.size",
    "pk": "1.2.1_39",
    "fields": {
      "size_name": "39",
      "qty": 22,
      "to_article": "1.2.1"
    }
  },
  {
    "model": "products.size",
    "pk": "1.2.1_40",
    "fields": {
      "size_name": "40",
      "qty": 33,
      "to_article": "1.2.1"
    }
  },
  {
    "model": "products.size",
    "pk": "1.2.1_41",
    "fields": {
      "size_name": "41",
      "qty": 22,
      "to_article": "1.2.1"
    }
  },
  {
    "model": "products.size",
    "pk": "1.2.1_44",
    "fields": {
      "size_name": "44",
      "qty": 500,
      "to_article": "1.2.1"
    }
  },
  {
    "model": "products.size",
    "pk": "1.2.1_45",
    "fields": {
      "size_name": "45",
      "qty": 500,
      "to_article": "1.2.1"
    }
  },
  {
    "model": "products.size",
    "pk": "1.3.1_36",
    "fields": {
      "size_name": "36",
      "qty": 1000,
      "to_article": "1.3.1"
    }
  },
  {
    "model": "products.size",
    "pk": "1.3.2_37",
    "fields": {
      "size_name": "37",
      "qty": 500,
      "to_article": "1.3.2"
    }
  },
  {
    "model": "products.size",
    "pk": "1.4.1_38",
    "fields": {
      "size_name": "38",
      "qty": 4234,
      "to_article": "1.4.1"
    }
  },
  {
    "model": "products.size",
    "pk": "1.4.2_38",
    "fields": {
      "size_name": "38",
      "qty": 234,
      "to_article": "1.4.2"
    }
  },
  {
    "model": "products.size",
    "pk": "1.4.3_36",
    "fields": {
      "size_name": "36",
      "qty": 2222,
      "to_article": "1.4.3"
    }
  },
  {
    "model": "products.size",
    "pk": "1.5.1_26",
    "fields": {
      "size_name": "26",
      "qty": 222,
      "to_article": "1.5.1"
    }
  },
  {
    "model": "products.size",
    "pk": "1.5.1_27",
    "fields": {
      "size_name": "27",
      "qty": 444,
      "to_article": "1.5.1"
    }
  },
  {
    "model": "products.size",
    "pk": "1.5.1_28",
    "fields": {
      "size_name": "28",
      "qty": 212,
      "to_article": "1.5.1"
    }
  },
  {
    "model": "products.size",
    "pk": "1.5.2_25",
    "fields": {
      "size_name": "25",
      "qty": 333,
      "to_article": "1.5.2"
    }
  },
  {
    "model": "products.size",
    "pk": "1.5.2_27",
    "fields": {
      "size_name": "27",
      "qty": 222,
      "to_article": "1.5.2"
    }
  },
  {
    "model": "products.size",
    "pk": "2.1.1_36",
    "fields": {
      "size_name": "S",
      "qty": 333,
      "to_article": "2.1.1"
    }
  }
]